Name,Hash,Size
text1,QmdytmR4wULMd3SLo6ePF4s3WcRHWcpnJZ7bHhoj3QB13v,10
text2,QmSFxnK675wQ9Kc1uqWKyJUaNxvSc2BP5DbXCD3x93oq61,10
text3,QmdQEnYhrhgFKPCq5eKc7xb1k7rKyb3fGMitUPKvFAscVK,10
text4,QmR56UJmAaZLXLdTT1ALrE9vVqV8soUEekm9BMd4FnuYqV,10
text3,QmdQEnYhrhgFKPCq5eKc7xb1k7rKyb3fGMitUPKvFAscVK,10
text4,QmR56UJmAaZLXLdTT1ALrE9vVqV8soUEekm9BMd4FnuYqV,10
test_dir1/text1,QmdytmR4wULMd3SLo6ePF4s3WcRHWcpnJZ7bHhoj3QB13v,10
test_dir1/text2,QmSFxnK675wQ9Kc1uqWKyJUaNxvSc2BP5DbXCD3x93oq61,10
test_dir1/client.py,QmYvF5zDUNGjwYQSWchFoX4DXs5BF4C9Sq5WEKX8gyTNXY,7671
test_dir1,QmQsxf811yi5Btzj1bdodGmATpNU3s18DHaWAygXRh5bjh,7841
kamal,QmbFMke1KXqnYyBBWxB74N4c5SBnJMVAiMNRcGu6x1AwQH,6
ipfs/clean.sh,QmRZt3hVA47HBdukvDzhiFBGZjT7b4b6c8BkeZhbtEo3HN,59
ipfs/private_network_kernel.sh,QmVP1SFf7bHEiXeZFrYzfoHcMeMnCy591HNniekqz5ubNA,1903
ipfs/.gitignore,QmPf58BHnjfkEJRwUGB875ZvJCajHMTntuQwNMHiV9LTyp,635
ipfs/client.py,QmUF7nvUtc7ZVSpPbYVKvfWeyttHsRqj1Yk46vU5gfBvt5,8359
ipfs/database.csv,QmaWPXAe8DFk6p8mGyWXhMX336fNoWrabXk4TP3Nq9rpdW,639
ipfs/README.md,QmPxC6HvMbxMAqr3vQmVxhaApVdyNQt1k9nmbpXzgWezXh,576
ipfs/.git/COMMIT_EDITMSG,QmcXaSomLwKDDnTNLbahoyAAcaAyF2PD9PLEeYZnVjKN78,21
ipfs/.git/index,QmVtacknSYokJXQR6CG4e1e2MSqaUKkSKwgzCe4djAo7kK,540
ipfs/.git/description,Qmdy135ZFG4kUALkaMhr6Cy3VhhkxyAh264kyg3725x8be,81
ipfs/.git/HEAD,QmWeKwYTKwBwVd7AKioXTmtpLFxTk3MBBk2ef2JtwCccAi,31
ipfs/.git/config,QmdVhbbL8f8iek8KkziBppBLLLisTXKWGpBFp3XLxW15gU,397
ipfs/.git/packed-refs,QmRaZbAsseev7f2gcfcXZUYAenHSCwrkxCekXd4Wn7Zfts,122
ipfs/.git/info/exclude,QmcfzxUpw36y8fu2GR3s7Vgq7RBgooKtc6BgsqFnadsDLc,251
ipfs/.git/logs/HEAD,QmX7v3bQFYKWprr4igxsKJywG5w4U46rxc2ZipovWdcryR,373
ipfs/.git/logs/refs/heads/master,QmX7v3bQFYKWprr4igxsKJywG5w4U46rxc2ZipovWdcryR,373
ipfs/.git/logs/refs/remotes/origin/master,QmQep91Eq15sb94wqHyCovrAq6e1pis7paXtrrMwnms71H,168
ipfs/.git/logs/refs/remotes/origin/HEAD,QmR6YcMgpVr1GWKmp4MyX4XprKX6KpP8GxNdEKSSQsGT6C,210
ipfs/.git/hooks/prepare-commit-msg.sample,QmPku8ai5p4sSCDHe19n9Ekfo21xM5urFdkq9Rg1wBHjcV,1503
ipfs/.git/hooks/applypatch-msg.sample,QmY2duvZ5Resxt8astYUgQ8RXQz1N9axe77gCb5j6M95Gf,489
ipfs/.git/hooks/fsmonitor-watchman.sample,QmQopPV9svGfagTR7eYkiBBtoTNm3JW4qbVgwNzsUecR64,3338
ipfs/.git/hooks/pre-push.sample,QmXprUtrWGYLRETUvuA89HjwUGdufGrwJxYaXyGwQ7TMvQ,1359
ipfs/.git/hooks/pre-commit.sample,QmdzPLQANJjZton4gqoxXeX6yqchxQ4RMpE8P5DEiogThd,1649
ipfs/.git/hooks/post-update.sample,QmQjYxVj9iwitDGkmR48Cemr1JTgc6pvwo5cFkumNWqnjm,200
ipfs/.git/hooks/pre-rebase.sample,QmSQrei5kUrb4RaEp4c7oobLEHURhPJ8AFZS1uiRg4JfLv,4909
ipfs/.git/hooks/pre-applypatch.sample,QmdzjzkpM31jTKd5YBJkWsbDXJeeW1Uy1UxVPwfKFxwy89,435
ipfs/.git/hooks/update.sample,QmfKMgUdSUwrS1wF6yfkQ9B6Vdbomrx87vGhpvpLfxgVn2,3621
ipfs/.git/hooks/pre-receive.sample,QmRKbU9DFRNWjR1UwV4nC6MXPnrNanfsBM5579t4HLUuig,555
ipfs/.git/hooks/commit-msg.sample,QmQbraCfKaCTZkqtdXCJPc11CWEiZGw1yYGwtbA6nbXWeh,907
ipfs/.git/objects/bb/9d1fd20d0f1f7c7fbbf88a8a6e3a45cb1dc1c9,QmfNBBqVE3fa1BxpMyYv83DeD1JpnPCHLhvwfwxkppPUdf,172
ipfs/.git/objects/e3/c4f2b5028ee38d33cca2ed95abd545f9e215fe,QmY5sjemuBVM644uTMErtWgQFQ1GPjuND44KKo5MQhCTTg,901
ipfs/.git/objects/0a/2af296c4142d96d758a9369ec0a047239ee802,QmWCPhBWbGtezA1sWfkhPp4B2KAZKmz4s11zXLVAMVemBQ,247
ipfs/.git/objects/1a/6ed09dc68325f7c3339961ed643c9c703fc9a7,QmQnaGZoZHBideMHph6eBs2vhZ1n9ENr4AM7fbvcyTx1zf,141
ipfs/.git/objects/b2/4d71e22373e5147f3c05c68a8742714a89b5d6,QmSbs3vvbiwtuUoQ1tFqa1fX97mGmBVZDF1yAsT2ya1Vt1,419
ipfs/.git/objects/39/af52c077c0d4c3bc7730b362592e0bf7f635db,QmXBppkJd9J2E8EKMwSjZJXqqo7jViEpMDo1uNr2P8CTKh,372
ipfs/.git/objects/7e/13a61dddd3b02a792fbe0cd8c37c5b2b9e14e9,QmR8GU9mykpGtTgZAZo5jctWzcfLSSPShAV65qcZtT6S5H,345
ipfs/.git/objects/30/e35bdfc5647ea8abf87f1e20f90679fb3561a0,QmbPc6Bn9Vn84oJtTrWPbxQr15MpSF5HgYS9WmmEPoZQba,2223
ipfs/.git/objects/94/e725683a0b796df1778b21d143dc0f82c43d30,QmcXCbBDAWTtYFATTHD5XLb7vhqBuBNCznmiZ7GPf2tPqy,96
ipfs/.git/objects/50/bc58bc392bf2221af33cfe99baa16ce8aca045,QmevqjUFuZ3ukVin4eFjm5kGWxUzv7obkNyGKbS2LVTMsv,61
ipfs/.git/refs/heads/master,QmYhRYmzpmDU1NoHErKHgbrDoMVherKX5UFYEKhUDsAQ86,49
ipfs/.git/refs/remotes/origin/master,QmYhRYmzpmDU1NoHErKHgbrDoMVherKX5UFYEKhUDsAQ86,49
ipfs/.git/refs/remotes/origin/HEAD,QmeXN3VRxp3675uN4fPGntt2CGbsganon2aZiM98DRuV6w,40
ipfs/.git/branches,QmUNLLsPACCz1vLxQVkXqqLX5R1X345qqfHbsf67hvA3Nn,4
ipfs/.git/hooks,QmQmHqrrgXSEKUsjyZ6yiXZoQJLLbuTeaeaRV85pzzgvvQ,19649
ipfs/.git/info,QmbJsMQ5qNb4zwDEQUTFtCp7S1MyZFnrkMMmW6kyg8en62,305
ipfs/.git/logs/refs/heads,QmbCNSm6MgwFKb7YpZBDrZuG3Y2kfVkRc3CU7jWpksbn7U,426
ipfs/.git/logs/refs/remotes/origin,QmVzPgLG2vWmfKNq64dydJWeqLiJukzTgqb45F1aW6ZonE,478
ipfs/.git/logs/refs/remotes,QmZnFTfkyZDyvJWmEmcJx7tLFHSS1g4PaEdMHoU8kPfJ2e,531
ipfs/.git/logs/refs,Qma9oUrHVukmD99KyB8yoL9BSo4FbJy3TEJH4SzXbZof1J,1059
ipfs/.git/logs,QmfAYHw6oMH36wk6rTMs9WkUkvJfyDXXbEPRPaTkoF6Keo,1530
ipfs/.git/objects/0a,QmVcM3aVZEShyFSUZwATGceG6uQe9hcc5Dqu2MdNi3rLcp,332
ipfs/.git/objects/1a,QmbvdwSFLH1x8CwMwZh6wwkQcdubLKRs9rDwB79dJo3V21,226
ipfs/.git/objects/30,QmR1hVz34ke5cJSSAkEetEga6LMPYBMp3Nw374V5nJyGPF,2308
ipfs/.git/objects/39,QmZRve9b7YGjmxX3xmFNA4a8MQcFhB9WSpCsbgUSzFckcD,457
ipfs/.git/objects/50,QmazoAL7NaeXyiEr5CRJngCd4txHECMFzsGRqsC6TfYnUn,145
ipfs/.git/objects/7e,QmXUBiN16wcSM4U28u53VvmHymvEukygojZXcNjkqNL96L,430
ipfs/.git/objects/94,QmUpcpP3k9QvADx8YFbqG4HubZfbZ9XoxBKwH4XhQuyVGT,180
ipfs/.git/objects/b2,QmcfiNo87m7W4aQrnZdGpT5PnzZLLvybDUgCCoYZQNmTo3,504
ipfs/.git/objects/bb,QmbLe3zxdvuHXTPNcehheiT5pszpPPJBG5MbKsicRbbiqX,257
ipfs/.git/objects/e3,QmcFup83FKousMeZSFnLFWjWLWf3W24Ddy7R1WyDAi5KFn,986
ipfs/.git/objects/info,QmUNLLsPACCz1vLxQVkXqqLX5R1X345qqfHbsf67hvA3Nn,4
ipfs/.git/objects/pack,QmUNLLsPACCz1vLxQVkXqqLX5R1X345qqfHbsf67hvA3Nn,4
ipfs/.git/objects,Qmbi1E94yxiRHrkEWZdBow8TAeBTWwLhxzDn8xtEmHHsyJ,6379
ipfs/.git/refs/heads,QmbFXzAynAGXrnnxfYUEKcmgpx9RSThkAP7rvfSx3j3nLj,101
ipfs/.git/refs/remotes/origin,QmcN6Fn4HHoFB9Vmwqn5rnciMjZuYWpZkXNy1GxguYS7fV,187
ipfs/.git/refs/remotes,QmRCBqJfDz8gxnQpTfZsqSrFKUjWDkbNdpVohg94C64dSS,240
ipfs/.git/refs/tags,QmUNLLsPACCz1vLxQVkXqqLX5R1X345qqfHbsf67hvA3Nn,4
ipfs/.git/refs,QmfVPYKgPfjm4S7TyC8qiMSzSdzA3FE5q44YL45C28TSrY,492
ipfs/.git,QmZspn1v9Pb43zvZVqGuGsMc9CxqwEVn3b8MRqLLhoP9UM,30150
ipfs,QmRfPThhRfvqTb7rYokz9D1TSinC1zbMemA63vuRwkdYB5,42703
test/testf1,QmRDAZn6MwwoszoHXsayJHUqD9WFUZiLPWFjoWuyEgnFV2,12
test,QmVigqBz54GpFz3zT3syqhZTptQpqGNCF9BFy3RsHP7PVK,64
test/testf1,QmRDAZn6MwwoszoHXsayJHUqD9WFUZiLPWFjoWuyEgnFV2,12
test,QmVigqBz54GpFz3zT3syqhZTptQpqGNCF9BFy3RsHP7PVK,64
